bf6ddb3bc8af19fd5b7c300c32e0d0071bcef192;Tue Oct 23 22:35:49 2018;Merge branch 'cassandra-3.11' into trunk
12a585c9197002c0d7f7084f90cd54fe53c05949;Tue Oct 16 19:48:59 2018;Merge branch 'cassandra-3.11' into trunk
26c0efa0875077d13aa94f338f119a4303161a9d;Tue Oct 16 16:26:11 2018;Merge branch 'cassandra-3.11' into trunk
2adf5d1df6963b1f9b8dd59f4ce911c1c9456859;Mon Oct 15 07:44:52 2018;Merge branch 'cassandra-3.11' into trunk
a9138c5e9cfabd4059848c7e611520ca2239edd2;Thu Oct 4 20:00:13 2018;Merge branch 'cassandra-3.11' into trunk
42c92b9768b58884e426490e103583b82e892d4e;Fri Sep 28 10:56:08 2018;Merge branch 'cassandra-3.11' into trunk
210da3dc003a4107e125d0276476c289f2a2b97c;Tue Sep 25 16:46:05 2018;Merge branch 'cassandra-3.11' into trunk
5069b2c0ffc3aa335523e7b598cae05ee50ded8a;Tue Sep 25 16:05:10 2018;Merge branch 'cassandra-3.11' into trunk
9e36a445b3cbc7c4b28980fe93e3d1cb3edd34d8;Thu Sep 20 13:24:41 2018;Merge branch 'cassandra-3.11' into trunk
7a34477a916ded2250368cbf995a38ed0242c6cf;Mon Sep 17 10:58:50 2018;Merge branch 'cassandra-3.11' into trunk
d44059bfc6aabc88a370a84b082a9dbaa5560d0e;Fri Sep 14 10:25:27 2018;Merge branch 'cassandra-3.11' into trunk
05dbb3e0ac3e261e66a70afb2b0a00ab5947b2ad;Fri Sep 14 06:43:54 2018;Merge branch 'cassandra-3.11' into trunk
744973e4cb659c774e817b4fc553c6361f1f05ec;Wed Sep 5 01:25:17 2018;Merge branch 'cassandra-3.11' into trunk
df892a38ff7fc083f33e3f2d8d77a2590f58898d;Fri Aug 24 16:30:31 2018;Merge branch 'cassandra-3.11' into trunk
186a8609bc8617c738afee1d750090f9bacb78b6;Fri Aug 24 15:09:34 2018;Merge branch 'cassandra-3.11' into trunk
ffde38a2567517da780c0411b0338d5a445ea551;Fri Aug 24 14:49:02 2018;Merge branch 'cassandra-3.11' into trunk
8b9515bd2e410c634e4a31fe3e93890f1a1f8f71;Tue Aug 21 08:56:30 2018;Merge branch 'cassandra-3.11' into trunk
76c1b555708fd91e126e9d86920e81793b599d16;Thu Aug 16 14:47:09 2018;Merge branch 'cassandra-3.11' into trunk
fcb87a2d1c56418d3cc33bd0df36f243c6f1566b;Mon Aug 6 16:07:08 2018;Merge branch 'cassandra-3.11' into trunk
9c142f91598bdac122c0d5cc1dee296997084b92;Thu Aug 2 13:20:59 2018;Merge branch cassandra-3.11 into trunk
521f50bb120064d866e93a86cb0c90c1a7ae0307;Thu Aug 2 09:33:21 2018;Merge branch cassandra-3.11 into trunk
62423f6bae1b2f387188a14db6640f749c5ddaf4;Tue Jul 31 19:31:08 2018;Merge branch 'cassandra-3.11' into trunk
d3a994b10537809267ec5ebae784ee5497cdb265;Mon Jul 16 16:50:44 2018;Merge branch 'cassandra-3.11' into trunk
f081558d68e0af4968f05687cc9587aa9bdf1bd6;Wed Jul 11 00:17:04 2018;Merge branch 'cassandra-3.11' into trunk
28217f8576d416fa8fff9f695058750e2bb943df;Thu Jul 5 17:01:12 2018;Merge branch 'cassandra-3.11' into trunk
9e3b88646ff4f97601baf40be7fb708ebb3f7fed;Thu Jul 5 07:30:03 2018;Merge branch 'cassandra-3.11' into trunk
243c371f4881be554439731cb809680a37c875ac;Wed Jul 4 10:10:05 2018;Merge branch 'cassandra-3.11' into trunk
d500100a44b52a93c21ee945f3fc275f770d219a;Tue Jul 3 13:23:15 2018;Merge branch 'cassandra-3.11' into trunk
dfddeb44c7c7ce364b027ebcb41a5daa7404a733;Mon Jul 2 18:39:37 2018;Merge branch 'trunk' of https://git-wip-us.apache.org/repos/asf/cassandra into trunk
031bb33aae375cbbf50ef06c5c5af27b5e9bc997;Mon Jul 2 18:38:06 2018;Merge branch 'cassandra-3.11' into trunk
5cc68a87359dd02412bdb70a52dfcd718d44a5ba;Fri Jun 29 07:00:24 2018;Merge branch 'cassandra-3.11' into trunk
2bad5d5b6d2134ecd3db63d02aa2274299d1d748;Mon Jun 25 11:11:46 2018;Merge branch 'cassandra-3.11' into trunk
97ada5bdfd1c82978ac9306dee8c279ee704fb91;Wed Jun 20 15:11:33 2018;Merge branch 'cassandra-3.11' into trunk
255242237a49fb27740ab9da187eaa41b0611947;Thu Jun 14 17:22:28 2018;Merge branch 'cassandra-3.11' into trunk
3b56d4df40800f76dcf2c0019af43b7dbc244c57;Wed Jun 13 23:36:28 2018;Merge branch 'cassandra-3.11' into trunk
958e13d1667391c69ec82f54da7d371e6eba29d6;Fri Jun 8 17:48:15 2018;Merge branch 'cassandra-3.11' into trunk
800f0b3948aa0a9095f78ed29d8d9cbc23a57581;Thu Jun 7 15:40:20 2018;Merge branch 'cassandra-3.11' into trunk
84fb7fa6f1b2f2771ba77a64f398cddd00bac914;Thu Jun 7 10:51:44 2018;Merge branch 'cassandra-3.11' into trunk
d3b6a67bbf283e9965ecafa57001fd9dcbb14ba2;Wed Jun 6 18:44:42 2018;Merge branch 'cassandra-3.11' into trunk
843a5fdf2ff8f2cb61a4e1d6632fd443bc2136fb;Tue Jun 5 20:51:50 2018;Merge branch 'cassandra-3.11' into trunk
069e383f57e3106bbe2e6ddcebeae77da1ea53e1;Thu May 31 05:02:21 2018;Merge branch 'cassandra-3.11' into trunk
c5285d21c12ea44dffc884dfc4393450651a07cb;Tue May 29 12:21:36 2018;Merge branch 'cassandra-3.11' into trunk
43205143b406b914f135675fb7f1a2d06a8eeda6;Fri May 18 02:36:36 2018;Merge branch 'cassandra-3.11' into trunk
d585410ccb42011ca71441471d1e2949e5ddedb5;Thu May 17 17:39:37 2018;Merge branch 'cassandra-3.11' into trunk
e210a05a55e40ce89bd1f51960177971bfda8596;Mon May 14 19:46:34 2018;Merge branch 'cassandra-3.11' into trunk
ecf52ed3f82af1ae52f202c7ed856380583e9ff6;Mon May 14 09:08:25 2018;Merge branch 'cassandra-3.11' into trunk
dd650c8e86d2f8fa831f81b6eefbdc8fdbc3bbbb;Sat May 12 15:39:50 2018;Merge branch 'cassandra-3.11' into trunk
4f1094e66856fde9e7bc4b77cf0b9e29696cb753;Sat May 12 12:33:02 2018;Merge branch 'cassandra-3.11' into trunk
aba582fb4d3e0d9e46b48edea0543bfea65a00a4;Fri May 11 03:37:29 2018;Merge branch 'cassandra-3.11' into trunk
42687616952d0b459fbb9d245fd9650c6d851ffb;Thu May 10 02:47:50 2018;Merge branch 'cassandra-3.11' into trunk
e5d997374add3342166508f4140a25f10b043464;Wed May 9 11:40:14 2018;Merge branch 'cassandra-3.11' into trunk
78ca3447c9735682119b01bdf98f06bb75f413ff;Fri May 4 05:14:04 2018;Merge branch 'cassandra-3.11' into trunk
645d8278bcf6281c8272f82d0d661e386a7cbe7d;Thu May 3 13:46:51 2018;Merge branch 'cassandra-3.11' into trunk
dd091d417ccca7764cdf016c2921d97121a236c5;Thu May 3 09:52:28 2018;Merge branch 'cassandra-3.11' into trunk
60ed982d5309b674abfb32584f75f676951c2668;Wed May 2 18:08:18 2018;Merge branch 'cassandra-3.11' into trunk
e9418f808c03b82837a1ab7627abe08057c1388f;Tue May 1 22:18:26 2018;Merge branch 'cassandra-3.11' into trunk
2fe4b9dc69a919cadd6f78e9a4e259e6740b127f;Mon Apr 30 18:12:16 2018;Merge branch 'cassandra-3.11' into trunk
9fecf947729e6113a79cd8069a52082b4c335629;Mon Apr 30 17:52:43 2018;Merge branch 'cassandra-3.11' into trunk
1d387f5e7f688150c09b7eb14a036d153017ec02;Tue Apr 24 06:56:34 2018;Merge branch 'cassandra-3.11' into trunk
1a2eb5ecb0760d8c7f1d3dd4da1a7ad84fbccf95;Tue Apr 24 06:38:13 2018;Merge branch 'cassandra-3.11' into trunk
88c54537d05541fe56fd97d922c351aef1d440df;Wed Apr 18 10:40:58 2018;Merge branch 'cassandra-3.11' into trunk
f3d1b45f13f09c4c12992667f7ee3d9649a15054;Wed Apr 18 10:21:57 2018;Merge branch 'cassandra-3.11' into trunk
703db6fff5fdf30f98e61d175a2b268846f7b692;Tue Apr 17 21:19:29 2018;Merge branch 'cassandra-3.11' into trunk
88b01c866d420c58e104640ddb78e3ebeef4d915;Tue Apr 17 17:13:58 2018;Merge branch 'cassandra-3.11' into trunk
05d7661d04b2cd47b29a767986d4b6d283419db2;Tue Apr 17 10:30:53 2018;Merge branch cassandra-3.11 into trunk
09f3c969bc7a77f5e78a6d0cc28751c4b664f72e;Tue Apr 17 08:48:00 2018;Merge branch 'cassandra-3.11' into trunk
95a52a8bfbabb4acb3518ee7f5e6d256110d7bf0;Wed Apr 11 12:55:10 2018;Merge branch 'cassandra-3.11' into trunk
b5dbc04bda0479367d89d1e406b09fa187bf7aad;Tue Apr 10 13:28:29 2018;Merge branch 'cassandra-3.11' into trunk
0b16546f6500f7c33db2f94957d6b5a8e0c108d1;Tue Apr 10 08:10:47 2018;Merge branch cassandra-3.11 into trunk
b65b28a9e7a3ff049f4e4d0c9d31622b39398145;Mon Apr 9 22:14:40 2018;Merge branch 'cassandra-3.11' into trunk
1fafcb0190fec34ca38ca6294dd7919b0fe5aacc;Thu Apr 5 13:21:53 2018;Merge branch 'cassandra-3.11' into trunk
d3bd26eb35d998dbf2b2be9869d5098f9a90f119;Tue Apr 3 12:34:42 2018;Merge branch 'cassandra-3.11' into trunk
b08b4dcc72a8d9b4fa5b92dae97ba527161f130d;Fri Mar 30 15:16:19 2018;Merge branch 'cassandra-3.11' into trunk
fc2e420fdcea827da24a0dd1908a53da0ac025bb;Thu Mar 29 13:01:09 2018;Merge branch 'cassandra-3.11' into trunk
8d32d9100c0e35f6f9cadaecd52f8810231e97be;Wed Mar 28 13:20:28 2018;Merge branch cassandra-3.11 into trunk
2ad06d65b31d6221ac5c78991c13e125800bc48d;Mon Mar 26 11:20:54 2018;Merge branch 'cassandra-3.11' into trunk
39bcdcd32ea5dcfd372d4b3eaf10c1c3de0547fb;Fri Mar 23 14:49:51 2018;Merge branch 'cassandra-3.11' into trunk
c09e298a4e78bf0dc0e1b6e9a78a21801caef999;Tue Mar 20 01:25:07 2018;Merge branch 'cassandra-3.11' into trunk
253c003df7bb520225cce0cee5d6fbec3808f29f;Thu Mar 15 17:57:03 2018;Merge branch 'cassandra-3.11' into trunk
49c1a256c28e913e1e2af25dd308c8835291e7d7;Thu Mar 15 14:20:09 2018;Merge branch 'cassandra-3.11' into trunk
92cde9b27c341ebb03a8d6be2d8d32b0ba548db6;Thu Mar 15 06:45:10 2018;Merge branch 'cassandra-3.11' into trunk
de12f29dc60e247beb91dc0a0dcd189fec7f9f9d;Wed Mar 14 17:00:52 2018;Merge branch 'cassandra-3.11' into trunk
02c8436cbbb27cc222995f308e9ca76583ad5b0d;Wed Mar 14 09:30:22 2018;Merge branch cassandra-3.11 into trunk
c8718d4974bab6ba96d48052b406adc5e66a8108;Mon Mar 12 08:33:47 2018;Merge branch 'cassandra-3.11' into trunk
dd409898c2fbf9735ee4a93875c59d44352dcbb5;Thu Mar 8 23:55:32 2018;Merge branch 'cassandra-3.11' into trunk
5c67a7852c903a2891951ff52f07b77fb2756412;Thu Mar 8 22:29:13 2018;Merge branch 'cassandra-3.11' into trunk
87f50f6a6e78f8da58d7774c2640e8aa99158429;Wed Mar 7 12:10:31 2018;Merge branch 'cassandra-3.11' into trunk
4b4c05e0de3f49a29aae80b6b8f9537626d996b5;Tue Mar 6 14:24:14 2018;Merge branch 'cassandra-3.11' into trunk
5f31bb4152986a1551edbc70981a33ff35d0dfc0;Mon Mar 5 22:37:50 2018;Merge branch 'cassandra-3.11' into trunk
551744a990022fa7c5ff76529817b05590d89b68;Mon Mar 5 14:51:26 2018;Merge branch 'cassandra-3.11' into trunk
2201e364b5b1085c18098ba10f48a4514f9c5dfc;Mon Mar 5 08:15:24 2018;Merge branch 'cassandra-3.11' into trunk
f7d140e2a934e343dedc7d4057784551d4adac48;Wed Feb 28 05:47:24 2018;Merge branch 'cassandra-3.11' into trunk
720772033a1f92b422065a307dcacc5f024b9c07;Mon Feb 19 15:54:33 2018;Merge branch 'cassandra-3.11' into trunk
32110d6d2905d0579c99a9b2e0c646dd15a2e3be;Mon Feb 19 13:51:16 2018;Merge branch 'cassandra-3.11' into trunk
a75b48ba5365af51d24408303db767a1cf82102b;Sat Feb 17 15:30:42 2018;Merge branch 'cassandra-3.11' into trunk
f74b0ea752419c6b08cf6be63ace55948fdf0a83;Thu Feb 15 10:04:24 2018;Merge branch cassandra-3.11 into trunk
44ce9536ff7bbc522a87839a85fc346ca3a279fe;Wed Feb 14 18:36:58 2018;Merge branch 'cassandra-3.11' into trunk
cf66b7ea2dfc296977a4fe2bdd56171ba937f48b;Wed Feb 14 13:25:31 2018;Merge branch 'cassandra-3.11' into trunk
74b2013ea264d64e49c4bd52bd265fbcad8942fa;Wed Feb 14 13:02:15 2018;Merge branch 'cassandra-3.11' into trunk
0bc2164df244487ef2870c44dfbbd4321378fa49;Tue Feb 13 23:41:29 2018;Merge branch 'cassandra-3.11' into trunk
1188fcb082a4b4ecbef4ab9b6a2c42261ddd08f5;Mon Feb 12 13:16:46 2018;Merge branch 'cassandra-3.11' into trunk
66b2b3f5f39fa9568f17569b74aec2b48e206efe;Sun Feb 11 17:18:35 2018;Merge branch 'cassandra-3.11' into trunk
6034c268c389fc40a2f96c2746a09997906b93ba;Sat Feb 10 17:03:59 2018;Merge branch 'cassandra-3.11' into trunk
161c37da8fa93f572e3c9474cb37fc6d96058ff6;Fri Feb 9 15:26:24 2018;Merge branch 'cassandra-3.11' into trunk
a4cf29fe95f5f93896a31683c57cdd9bed0447b9;Fri Feb 9 15:17:59 2018;Merge branch 'cassandra-3.11' into trunk
5c3e33b17c59a1f8e4eb8eee60cf4ea59accb6e0;Wed Feb 7 08:10:33 2018;Merge branch 'cassandra-3.11' into trunk
a8ce4b6cd801f55d01a7400c9455220b47390d40;Tue Feb 6 03:41:39 2018;Merge branch 'cassandra-3.11' into trunk
71445706c49025e77502cb3a79257fb70583fbc2;Fri Feb 2 12:04:29 2018;Merge branch 'cassandra-3.11' into trunk
59a4624d5f9b2c414b200e65b45beed9c5f4db52;Thu Feb 1 20:29:41 2018;Merge branch 'cassandra-3.11' into trunk
9635c6041a1b70dbefc6ca2b5b58b08717077300;Mon Jan 22 13:27:31 2018;Merge branch 'cassandra-3.11' into trunk
735f1a417f4646fbb4dd9308055dd0880770aff8;Mon Jan 22 12:37:37 2018;Merge branch 'cassandra-3.11' into trunk
716d08f9090deb4c0c48096b5044186d270feb45;Fri Jan 19 14:20:11 2018;Merge branch 'cassandra-3.11' into trunk
1cb91eaaaad8169a7b680f1f6ab6b1418ce56e61;Fri Jan 19 13:15:28 2018;Merge branch 'cassandra-3.11' into trunk
f428c42622910528e3eb924fca41b2375d6cb351;Thu Jan 18 12:35:21 2018;Merge branch 'cassandra-3.11' into trunk
6d324f9d769f24ac209f6ea7649fee02b0200ba0;Mon Jan 15 14:06:51 2018;Merge branch 'cassandra-3.11' into trunk
1e58a53ca17d1292acbb820a2f7c334210e9a33e;Sat Jan 13 03:27:15 2018;Merge branch 'cassandra-3.11' into trunk
0ac5a17d3aac49f678f8b1ec4c934c8a0e7367ab;Thu Jan 11 14:28:08 2018;Merge branch 'cassandra-3.11' into trunk
7a29d22e60b52c38bb81a90b854017242850bef4;Wed Jan 10 20:42:54 2018;Merge branch 'cassandra-3.11' into trunk
ee907a3219b3f725b6f969d3a84afdeb11e1f397;Wed Jan 10 14:47:16 2018;Merge branch 'cassandra-3.11' into trunk
39837d4793292b2378baa30eb9704124950363db;Wed Jan 10 13:17:06 2018;Merge branch 'cassandra-3.11' into trunk
702d9f1f064a4f8ea7bafb1dcbc1ac9cbf76f75e;Tue Dec 26 12:24:27 2017;Merge branch 'cassandra-3.11' into trunk
d52326af623f371f820c20269bc1113db443cf38;Fri Dec 22 07:53:03 2017;Merge branch 'cassandra-3.11' into trunk
8764ef2da367fac64adad0821a34e6fa15da13c6;Tue Dec 19 09:59:23 2017;Merge branch 'cassandra-3.11' into trunk
92d4f7b482315a0106905233b0c06515e798b3c0;Thu Dec 14 14:02:32 2017;Merge branch cassandra-3.11 into trunk
d569c831cbcc7c999b97c332178ae03ac45f9546;Thu Dec 14 03:53:42 2017;Merge branch 'cassandra-3.11' into trunk
3e4e7d9546d69a0e1c807b3e2d585d3a659500bc;Wed Dec 13 13:00:11 2017;Merge branch 'cassandra-3.11' into trunk
dc9bb8df03e0bcfeda6d3deeacf4cb750ca1d7f5;Tue Dec 12 19:44:13 2017;Merge branch 'cassandra-3.11' into trunk
e5bb7f343dbd6bfa476bb7c8cbfe531a3615ca49;Tue Dec 12 17:58:06 2017;Merge branch 'cassandra-3.11' into trunk
17e602b7d248c61634c31c93b7d244f35cfcefd3;Tue Dec 12 09:52:23 2017;Merge branch cassandra-3.11 into trunk
8e95534fb51aa76e5ef702b0015e30b27cf3d941;Tue Dec 12 08:52:06 2017;Merge branch 'cassandra-3.11' into trunk
f8801ca6a56400d40d0d1f54bdb5085862fa50be;Mon Dec 11 20:17:58 2017;Merge branch 'cassandra-3.11' into trunk
1cb050922c7cc181e7c4e90fa2a52c23a87d5fc0;Mon Dec 11 08:04:46 2017;Merge branch 'cassandra-3.11' into trunk
78150142e9d60268bdefe5ede04a43bbc0c68cba;Fri Dec 8 18:49:06 2017;Merge branch 'cassandra-3.11' into trunk
29a0d1f82f965d6e13161c420396f4681ff4c725;Fri Dec 8 18:32:52 2017;Merge branch 'cassandra-3.11' into trunk
23691f5f8ae541a91f0a2379693d59f7120c12cd;Thu Dec 7 22:06:05 2017;Merge branch 'cassandra-3.11' into trunk
a61764d6cb4e877e1f0d383bc4cd49b2dd00b9d1;Thu Dec 7 21:21:38 2017;Merge branch 'cassandra-3.11' into trunk
a6f39834b940afe1d5f09636df754cb50c1240ef;Thu Dec 7 05:57:20 2017;Merge branch 'cassandra-3.11' into trunk
e79e50b0a784e5f6e7abebfcbfed5a49c7b2ab82;Thu Dec 7 05:45:48 2017;Merge branch 'cassandra-3.11' into trunk
0d70789fda2b9b9c39a5508857eb028b311e6fa4;Wed Dec 6 21:21:37 2017;Merge branch 'cassandra-3.11' into trunk
ed0ded123c037063f44536dc8363c7985be914a5;Wed Dec 6 00:06:29 2017;Merge branch 'cassandra-3.11' into trunk
2402acd47e3bb514981cde742b7330666c564869;Tue Dec 5 13:11:21 2017;Merge branch 'cassandra-3.11' into trunk
58aebd17677c0f6a27035629ed389d6cb28297a0;Sun Dec 3 11:47:30 2017;Merge branch 'cassandra-3.11' into trunk
f81e57e4f6503260f9ba3a36d5d096ed8d97607f;Thu Nov 30 23:18:43 2017;Merge branch 'cassandra-3.11' into trunk
a01019d2c80d6cada5751fe23a7504ce549d2517;Thu Nov 30 18:07:40 2017;Merge branch 'cassandra-3.11' into trunk
41904684bb5509595d11f008d0851c7ce625e020;Fri Nov 24 13:20:57 2017;Merge branch 'cassandra-3.11' into trunk
da410153ed250e03080fd48cd0f57baee481412d;Sat Nov 18 13:17:58 2017;Merge branch 'cassandra-3.11' into trunk
07258a96bfde3a6df839b4cc2c79e500d95163f0;Mon Nov 13 13:18:03 2017;Merge branch 'cassandra-3.11' into trunk
7707b736cd216a59f29dccdbabbb8398df95e020;Thu Nov 9 18:08:06 2017;Merge branch 'cassandra-3.11' into trunk
ba5f946e5f6763549e7235b48357a1edd0d67728;Thu Nov 9 00:58:58 2017;Merge branch 'cassandra-3.11' into trunk
77a352b26bc4237a748ece00757975dc667e2f37;Wed Nov 8 23:59:30 2017;Merge branch 'cassandra-3.11' into trunk
9e7a401b9c1e9244ebb7654f5e4bafa1d633d2ca;Tue Nov 7 14:03:45 2017;Merge branch 'cassandra-3.11' into trunk
38bd20e0510048c3c93781afd05efdf31594c115;Mon Nov 6 15:38:30 2017;Merge branch 'cassandra-3.11' into trunk
87962dcf364944f656b5212b8418432fbd1c4b95;Thu Nov 2 17:47:17 2017;Merge branch 'cassandra-3.11' into trunk
569c6abcfa50901fdf73d0b6e89cc1562e698c43;Thu Oct 26 21:06:24 2017;Merge branch 'cassandra-3.11' into trunk
af2c78459ad69b3263620fbb5da484f1186133d1;Thu Oct 26 20:38:18 2017;Merge branch 'cassandra-3.11' into trunk
ec7d5f9da63b60475e9ed76987d632bd7410ed11;Mon Oct 23 02:00:08 2017;Merge branch 'cassandra-3.11' into trunk
7f989edd26987f15e0d8b05503a812dcd74bfe57;Tue Oct 17 13:14:12 2017;Merge branch 'cassandra-3.11' into trunk
8406b206a6416c36d924eb7accdff7dbb4b7173b;Tue Oct 17 12:40:24 2017;Merge branch 'cassandra-3.11' into trunk
e38fddf19022e9574487e2f8cbf73af27d1afaf6;Tue Oct 17 10:58:05 2017;Merge branch 'cassandra-3.11' into trunk
df147cc09a9697992923505b6918fbcf50c0f94a;Tue Oct 10 22:19:41 2017;Merge branch 'cassandra-3.11' into trunk
7ef4ff30c66eb1554e856d89d3d35c33dcaaeed7;Tue Oct 10 10:56:12 2017;Merge branch 'cassandra-3.11' into trunk
9663c0093840a352faa08e3ffda6160745df75b8;Fri Oct 6 14:18:46 2017;Merge branch 'cassandra-3.11' into trunk
c9c792d54136b3a5728304c9f09aabdd31cf6371;Thu Oct 5 15:24:10 2017;Merge branch 'cassandra-3.11' into trunk
0cb27a781ef74f66788e98624313e7750b183c59;Wed Oct 4 06:27:19 2017;Merge branch 'cassandra-3.11' into trunk
8ebef8e71a5ded0d5964e1ae315c9875db2e005f;Wed Oct 4 06:20:54 2017;Merge branch 'cassandra-3.11' into trunk
694b3c40137a3c9d9ec5d844ff40db6046882447;Mon Oct 2 07:40:15 2017;Merge branch 'cassandra-3.11' into trunk
6afe13f6ff7cd4c698fbcce1401d535545d25280;Sat Sep 30 10:32:57 2017;Merge branch 'cassandra-3.11' into trunk
0db88242c66d3a7193a9ad836f9a515b3ac7f9fa;Sat Sep 30 10:02:41 2017;Merge branch 'cassandra-3.11' into trunk
77abf868a4f60f6978c8d3e334c1a2275c4c37a3;Fri Sep 29 22:34:44 2017;Merge branch 'cassandra-3.11' into trunk
6b4c8a9733f6eef276d602b440ae2f1906c1f264;Fri Sep 29 12:26:51 2017;Merge branch 'cassandra-3.11' into trunk
289f6b157ab8d044b5103e059724f71413bdb702;Fri Sep 29 07:34:41 2017;Merge branch cassandra-3.11 into trunk
974d8fc099c0f426eea2440783b03e35c13fe528;Mon Sep 25 07:42:24 2017;Merge branch 'cassandra-3.11' into trunk
00022bfa61e3afd7869cc4b93dd85195a3530a89;Mon Sep 25 06:29:46 2017;Merge branch 'cassandra-3.11' into trunk
756fab87c97a7a03fcf6495af166d5193fa4e6ae;Fri Sep 22 14:44:02 2017;Merge branch 'cassandra-3.11' into trunk
f78def39d364960e17946ce72a6669fd68720ed6;Thu Sep 21 16:02:27 2017;Merge branch 'cassandra-3.11' into trunk
79e344fc63dbe60b3817d1eb68cdc6274dbe0d58;Wed Sep 20 17:45:06 2017;Merge branch 'cassandra-3.11' into trunk
030ec1f056d0e0b9094ddf7fcd2a491cb8ddf621;Wed Sep 20 16:47:32 2017;Merge branch 'cassandra-3.11' into trunk
4809f4275c3ed0e53eebc5e9a9304f60f07e8c38;Wed Sep 20 14:06:20 2017;Merge branch 'cassandra-3.11' into trunk
eb7669215938f29cfb8230fba0b382742b93bd48;Tue Sep 19 10:18:28 2017;Merge branch 'cassandra-3.11' into trunk
bcd01f23db3e7f8c150097d2d2451a43921c1ca2;Mon Sep 18 06:55:36 2017;Merge branch 'cassandra-3.11' into trunk
bb542ce7110f48b2c60f6c52613d37ae406309fc;Fri Sep 15 21:23:58 2017;Merge branch 'cassandra-3.11' into trunk
8b5d1acde42360555ae84ba5182295986c6e40df;Fri Sep 15 21:08:57 2017;Merge branch 'cassandra-3.11' into trunk
0687b80cbf85843f4ab060b832f7d180c652000a;Fri Sep 15 16:26:02 2017;Merge branch 'cassandra-3.11' into trunk
aa7ba81e2ba4b95960f9ba8a2ebd5762824c2e68;Fri Sep 15 11:25:28 2017;Merge branch 'cassandra-3.11' into trunk
772f0ea9d7760976bda8d735c81ae10fad096119;Wed Sep 13 22:03:14 2017;Merge branch 'cassandra-3.11' into trunk
e7e936735df8e0fdd7e7d0df92d7bd60c4602648;Wed Sep 13 13:31:37 2017;Merge branch 'cassandra-3.11' into trunk
2b57fb67dbf74b9fa87ce2ce5ac407f065ac1c3f;Wed Sep 13 08:48:42 2017;Merge branch 'cassandra-3.11' into trunk
c6cd8246280acde5e2244d8960b2d5c17353424f;Tue Sep 12 21:18:00 2017;Merge branch 'cassandra-3.11' into trunk
37771f31bcc35747fff350f1ec7a4a7e312f19dd;Tue Sep 12 14:29:55 2017;Merge branch 'cassandra-3.11' into trunk
1a679cf5b612410d72fc69918617aad258821e4c;Tue Sep 12 13:55:31 2017;Merge branch 'cassandra-3.11' into trunk
826c9f4a6ebad8880390f8a26058d0c1f964f687;Tue Sep 12 13:33:19 2017;Merge branch 'cassandra-3.11' into trunk
795c1f36ec10ccfdac36e2d33c757856f0ed33c5;Mon Sep 11 21:54:44 2017;Merge branch 'cassandra-3.11' into trunk
145d1a48f6c1a98a9de2792c4a1a8d21653af0e6;Mon Sep 11 16:37:05 2017;Merge branch 'cassandra-3.11' into trunk
9c5bc36a773175e3c6f94369ccd64ffbf22381b2;Fri Sep 8 04:44:10 2017;Merge branch 'cassandra-3.11' into trunk
e8b559ce2f9e92f0a7a91fd60a4dcd6103793b43;Thu Sep 7 08:22:01 2017;Merge branch 'cassandra-3.11' into trunk
dcef7c7ed9bac3484322ed5b20eaa20d373833e7;Tue Sep 5 19:00:25 2017;Merge branch 'cassandra-3.11' into trunk
fa36044a585d2268d6dd61603f3fb21e6b8ec286;Tue Sep 5 18:48:40 2017;Merge branch 'cassandra-3.11' into trunk
733ea88faafa343eb6991a691f0bf36b2d5f0ed5;Tue Sep 5 16:56:05 2017;Merge branch 'cassandra-3.11' into trunk
07c90c4360c8a1558810013ddd1a26d10af15084;Tue Sep 5 10:52:52 2017;Merge branch 'cassandra-3.11' into trunk
9717cd67bd327f527bd97775057d356b674f50ec;Tue Sep 5 08:41:50 2017;Merge branch 'cassandra-3.11' into trunk
65f7216c642b8bdfef3b154d08d18e14302bf398;Tue Sep 5 07:47:36 2017;Merge branch 'cassandra-3.11' into trunk
e6fb8302848bc43888b0a742a9b0abce09872c45;Tue Sep 5 06:06:24 2017;Merge branch 'cassandra-3.11' into trunk
10d5b7b2f77fb7c25e288f42f7fb64b3131fad35;Mon Sep 4 22:38:48 2017;Merge branch 'cassandra-3.11' into trunk
c8d15f04f1efd37668e2ccbc681730ae6b2199da;Mon Sep 4 13:04:18 2017;Merge branch 'cassandra-3.11' into trunk
e5f3bb6e583a4f71a2522a040a93468404dfb653;Fri Sep 1 17:16:29 2017;Merge branch 'cassandra-3.11' into trunk
8ed41fbc5081f949e17b4ae98bf1f5d4676f043b;Thu Aug 31 13:49:09 2017;Merge branch 'cassandra-3.11' into trunk
adf025bd46d8255db3e96b8c0377a1e6f861d5b2;Thu Aug 31 10:18:46 2017;Merge branch 'cassandra-3.11' into trunk
f40198fc685028f87c26be4c51b2352e3cc01262;Thu Aug 31 05:02:07 2017;Merge branch 'cassandra-3.11' into trunk
c84269a3919109a0a4b899c79b91842de5c1be8b;Wed Aug 30 17:05:30 2017;Merge branch 'cassandra-3.11' into trunk
3e4d000c9e3ffa2df88c32d78c866e0598898dd4;Wed Aug 30 16:37:41 2017;Merge branch 'cassandra-3.11' into trunk
76efcc699e8fde62af0f6b7f620c1ee883120c7c;Wed Aug 30 13:34:19 2017;Merge branch 'cassandra-3.11' into trunk
3ce8e24ac4955dc2a1520708bfd4609271240065;Wed Aug 30 11:37:50 2017;Merge branch 'cassandra-3.11' into trunk
e6c2ae1f3b3ab540ac3bf4a3de40fbf1df8e7db8;Tue Aug 29 22:51:16 2017;Merge branch 'cassandra-3.11' into trunk
38ae30685106d745c070114ad9916a9dfcc4ebaf;Tue Aug 29 15:37:22 2017;Merge branch 'cassandra-3.11' into trunk
6e395dd3b844627586b688163ee00a0882c76485;Tue Aug 29 15:24:56 2017;Merge branch 'cassandra-3.11' into trunk
278906c6c0424c1ce0d922c24747c97978b0aa14;Tue Aug 29 11:33:50 2017;Merge branch 'cassandra-3.11' into trunk
326f3a7c7d8f20d0389d9cc036b0bb32d37462be;Mon Aug 28 13:41:04 2017;Merge branch 'cassandra-3.11' into trunk
7bea74b76b61e8baacd36b7bc315b7c0eba2e204;Sat Aug 26 00:26:04 2017;Merge branch 'cassandra-3.11' into trunk
b196876914c41de805c15efbb6a3155565724514;Thu Aug 24 17:57:58 2017;Merge branch 'cassandra-3.11' into trunk
4838e81a64eb118d0f86463b61b43c450a199dc8;Thu Aug 24 16:24:02 2017;Merge branch cassandra-3.11 into trunk
4b777d6271b8900f00a23e51aa3d8e42b7a0f34b;Thu Aug 24 16:03:41 2017;Merge branch 'cassandra-3.11' into trunk
652d9f64f14d8375a8412561271a7abf27722f20;Thu Aug 24 09:39:35 2017;Merge branch 'cassandra-3.11' into trunk
3d4a7e7b61c7eb2c8736fce2bde47c14564d5982;Tue Aug 22 01:36:23 2017;Merge branch 'cassandra-3.11' into trunk
97b1c3ce8274bccbf106e418fc5fcb0df364811c;Mon Aug 21 22:54:35 2017;Merge branch 'cassandra-3.11' into trunk
4803742eca5349994e2fb7118008c9b30b9dac4e;Mon Aug 21 22:39:40 2017;Merge branch 'cassandra-3.11' into trunk
6e42dd215cd55b933691379ee5f96fbdeea9cc78;Mon Aug 21 08:35:50 2017;Merge branch 'cassandra-3.11' into trunk
b76a48b61f284efa9ba514e2c296b96654cb1a93;Fri Aug 18 17:19:41 2017;Merge branch 'cassandra-3.11' into trunk
22c86f7bca1ded50f22d79babe6b44c9880877f2;Thu Aug 17 19:27:35 2017;Merge branch 'cassandra-3.11' into trunk
22b2a82f76417f8cc2d7a16bfd41b05ff624e880;Wed Aug 16 03:05:50 2017;Merge branch 'cassandra-3.11' into trunk
99e5f7efc33fb3672e11dfba9f2521d09473dddf;Mon Aug 14 14:28:22 2017;Merge branch 'cassandra-3.11' into trunk
d68357a447a5296e8c5dfd097fbc092e586819fe;Fri Aug 11 01:14:14 2017;Merge branch 'cassandra-3.11' into trunk
4b736366c2a958e67dffa12ad776d850ba370752;Thu Aug 10 22:49:20 2017;Merge branch 'cassandra-3.11' into trunk
c00206297be451077034daf318eb8912825e135a;Tue Aug 8 15:13:30 2017;Merge branch cassandra-3.11 into trunk
cad941653b59c4609ba2900cda86dc366d3ccd38;Tue Aug 8 14:27:15 2017;Merge branch 'cassandra-3.11' into trunk
cb32807f654cc8b11868cb1ed8e17657137d7ea2;Mon Aug 7 19:32:18 2017;Merge branch 'cassandra-3.11' into trunk
32de990b7abf1ae54f31ba728a9860031d0f435c;Thu Aug 3 13:28:52 2017;Merge branch 'cassandra-3.11' into trunk
457733bd54c4a6c0ffd75aa6774c634b7623f116;Thu Aug 3 10:53:40 2017;Merge branch 'cassandra-3.11' into trunk
8174fa510cd9007bba1f3726203fabf15b608d61;Wed Aug 2 02:20:15 2017;Merge branch 'cassandra-3.11' into trunk
fbcec0cc465dddc81134a15c42b292c35d3316b2;Tue Aug 1 14:40:23 2017;Merge branch 'cassandra-3.11' into trunk
de60cf0759e9721ddd1aab725c511a8f910cf415;Mon Jul 31 22:30:54 2017;Merge branch 'cassandra-3.11' into trunk
9b828275288b135812a247c3f2e9da2f20547111;Fri Jul 28 20:27:18 2017;Merge branch 'cassandra-3.11' into trunk
0f6aeb6a59185e8ee022a5570ee8f585ec2ba21b;Fri Jul 28 10:25:06 2017;Merge branch '12952-trunk' into trunk
33f94dec093d70f1276fc86a5051ee04b1fa058e;Wed Jul 26 23:59:20 2017;Merge branch 'cassandra-3.11' into trunk
95ccf2de8b3ffd84b8ec8333aaa895d1535ba47c;Mon Jul 24 19:53:32 2017;Merge branch 'cassandra-3.11' into trunk
e070440187793fe44ce0608885be7ce5ca350979;Mon Jul 24 18:25:13 2017;Merge branch 'cassandra-3.11' into trunk
36da706beb549fd6b1975c2fe24e7f5e57e07b43;Mon Jul 24 12:48:51 2017;Merge branch 'cassandra-3.11' into trunk
d23afc54d06aafda6604a46a1328aac082c95838;Sun Jul 23 14:27:32 2017;Merge branch 'cassandra-3.11' into trunk
8d2fa65f8a7abbc27b0c3ff0820af2945fcf7496;Fri Jul 21 09:36:00 2017;Merge branch 'cassandra-3.11' into trunk
fd065714003a8820cb4acf3521b8df5c726ef4b2;Tue Jul 18 06:36:18 2017;Merge branch 'cassandra-3.11' into trunk
6eb2758e4038564b084f000ac411061d3b942d1f;Mon Jul 17 20:51:57 2017;Merge branch 'cassandra-3.11' into trunk
834031cc01d555714c15341ddbbd25243118cf96;Fri Jul 14 17:53:16 2017;Merge branch 'cassandra-3.11' into trunk
e0ce6ce77d38db1890c5f2bccba1f19fdfe256be;Fri Jul 14 15:23:36 2017;Merge branch cassandra-3.11 into trunk
4ef86457b5ed3fd82c48011997d6c8b25af6fdc6;Fri Jul 14 09:43:53 2017;Merge branch cassandra-3.11 into trunk
f48a319ac884ef8d6eb54db3176ea2acf627bb89;Wed Jul 12 13:53:10 2017;Merge branch 'cassandra-3.11' into trunk
86964da69d36bdf3afd65ed77ecccd9dff24757b;Wed Jul 12 10:02:44 2017;Merge branch 'cassandra-3.11' into trunk
19914dc1d11ce545ade269afc2aaa2088a232c81;Tue Jul 11 18:28:31 2017;Merge branch 'cassandra-3.11' into trunk
4d6af1752264ef77b144c9fe9d34c244ec5d0242;Fri Jul 7 15:35:57 2017;Merge branch cassandra-3.11 into trunk
10b397e2a9c90e0fe3a229659952a56a03795a22;Fri Jul 7 11:42:19 2017;Merge branch cassandra-3.11 into trunk
fe3cfe3d7df296f022c50c9c0d22f91a0fc0a217;Thu Jun 29 20:12:35 2017;Merge branch 'cassandra-3.11' into trunk
e6ba616297fdad43f5c361261f2bc409fc63460c;Thu Jun 29 16:05:01 2017;Merge branch 'cassandra-3.11' into trunk
9c6f87c35f364ec6a88775cb3d0cf143e36635e7;Wed Jun 28 19:17:06 2017;Merge branch 'cassandra-3.11' into trunk
26e025804c6777a0d124dbc257747cba85b18f37;Mon Jun 26 23:57:37 2017;Merge branch 'cassandra-3.11' into trunk
977363e157c5421012e059357f4253fa031198aa;Mon Jun 26 11:27:58 2017;Merge branch cassandra-3.11 into trunk
a1c6a623a6ac96409069e4f86fddfc2942ec59af;Thu Jun 22 02:16:51 2017;Merge branch 'cassandra-3.11' into trunk
de009a39334b7cee4854c530b9852c555449b75a;Thu Jun 22 00:01:55 2017;Merge branch 'cassandra-3.11' into trunk
cdb01675e618354d9c76bc52df630b6525cd58ab;Wed Jun 21 19:09:55 2017;Merge branch 'cassandra-3.11' into trunk
40cc2ece62bfae79d7f751dd95688e18ee0e9af7;Mon Jun 19 22:44:36 2017;Merge branch 'cassandra-3.11' into trunk
1590078591138d7fcd184fb1337722d5146d654d;Mon Jun 19 00:47:20 2017;Merge branch 'cassandra-3.11' into trunk
4c70f32b3b764949281774e972e83a4e869d7ed7;Fri Jun 16 15:35:21 2017;Merge branch 'cassandra-3.11' into trunk
e0eac52640cd407f3b3595704052a2d2b4f74b48;Thu Jun 15 19:09:20 2017;Merge branch 'cassandra-3.11' into trunk
a07d327be86783137b7ae46a7722ac41cbebdc31;Thu Jun 15 17:36:30 2017;Merge branch 'cassandra-3.11' into trunk
f5531e12060b225ff9c0b2bb58222154a7f08692;Thu Jun 15 14:30:46 2017;Merge branch 'cassandra-3.11' into trunk
09c837f75b5814fc92d3d1576f698537ef28ee2c;Tue Jun 13 09:25:37 2017;Merge branch 'cassandra-3.11' into trunk
afd68abe60742c6deb6357ba4605268dfb3d06ea;Tue Jun 13 04:19:58 2017;Merge branch 'cassandra-3.11' into trunk
10397a1bfca96f07eb815cfa81cc2cb745f42cf1;Tue Jun 6 18:58:02 2017;Merge branch 'cassandra-3.11' into trunk
106691b2ff479582fa5b44a01f077d04ff39bf50;Tue Jun 6 00:53:47 2017;Merge branch 'cassandra-3.11' into trunk
3d2f06547c55bb8160c50ee6751b641b543d6f85;Mon Jun 5 00:50:51 2017;Merge branch 'cassandra-3.11' into trunk
3e73d7f6b46479bbe71fc6da9b340e09296b45a1;Fri Jun 2 13:52:52 2017;Merge branch 'cassandra-3.11' into trunk
96899bbb60ebba05408c3248e756ed33605e8075;Thu Jun 1 08:22:54 2017;Merge branch cassandra-3.11 into trunk
3e0a911b30a057a0418593fc906f6c6e038b9325;Wed May 31 16:16:01 2017;Merge branch 'cassandra-3.11' into trunk
9bef25efb3527a00ff97487cfbb38cea1d99d571;Wed May 31 13:25:09 2017;Merge branch cassandra-3.11 into trunk
ea57a4dbe8b3c312465cd2a0fe315d5f04f8ce92;Wed May 31 12:52:30 2017;Merge branch cassandra-3.11 into trunk
7b149ce4a42d4831426ccd18dfe4fe7d004ea80b;Mon May 29 15:43:42 2017;Merge branch cassandra-3.11 into trunk
710720d98214c635aacdf01b3177bcdf39e6660b;Fri May 26 19:00:17 2017;Merge branch 'cassandra-3.11' into trunk
ef404053bf440c2d312d2f602d1aa64f623fb07d;Wed May 24 18:10:01 2017;Merge branch 'cassandra-3.11' into trunk
baffdeae85b1b577e55a2b4dd9564ee507dd387a;Wed May 24 12:24:23 2017;Merge branch 'cassandra-3.11' into trunk
4a12dabef6a2a12b2838da8b42b8a083d9201f06;Thu May 18 17:42:38 2017;Merge branch 'cassandra-3.11' into trunk
dc0b389646094ac6032123e7a6418332b96ef8df;Thu May 18 17:33:36 2017;Merge branch 'cassandra-3.11' into trunk
c7b77eb60b56ec612622809fa871919cacd91a43;Fri May 12 07:49:37 2017;Merge branch 'cassandra-3.11' into trunk
501d0441c26a8b7f4266a423bde4cee7b0ac6f36;Fri May 12 07:38:44 2017;Merge branch 'cassandra-3.11' into trunk
dfb90b1458ac6ee427f9e329b45c764a3a0a0c06;Fri May 12 07:00:10 2017;Merge branch 'cassandra-3.11' into trunk
c66044f7818a964d60d3f265bb4cdc922b0ff39a;Fri May 12 06:51:32 2017;Merge branch 'cassandra-3.11' into trunk
66e5cc0d1d3524dd7da5608000be01669e49902c;Fri May 12 01:04:21 2017;Merge branch 'cassandra-3.11' into trunk
36b63ef51ae8384bfea8abf057b657570ba05cda;Thu May 11 17:14:32 2017;Merge branch 'cassandra-3.11' into trunk
c43371bf8fb7e1ec761a37a5f9938df9731fac4e;Thu May 11 14:18:00 2017;Merge branch 'cassandra-3.11' into trunk
6deafff5aedbfc1da317c97b668a02f360444521;Thu May 11 08:40:51 2017;Merge branch cassandra-3.11 into trunk
69aa1737d17089278c725cffeca3f69fb25f0aa0;Wed May 10 10:47:20 2017;Merge branch 'cassandra-3.11' into trunk
bf1cd8eeec5c1f1daa72c24bd6abb77023a41130;Wed May 10 10:32:39 2017;Merge branch 'cassandra-3.11' into trunk
619954cd5cd2a4d41a95eef7c95fdca6333fb5d8;Wed May 10 09:12:17 2017;Merge branch 'cassandra-3.11' into trunk
2304363e4eae665a1ba7f238c81a9237906394da;Mon May 8 20:40:19 2017;Merge branch 'cassandra-3.11' into trunk
931e3a4d3b4fb0cf7d57baa7a52f9009c39ad50b;Wed May 3 22:15:07 2017;Merge branch 'cassandra-3.11' into trunk
ed4a7c5ebfc5f5f3e32e73267c0449702175b1f3;Wed May 3 20:38:27 2017;Merge branch 'cassandra-3.11' into trunk
6758295648d21cabf2e4f1f4f9f244bf8bd4a8c2;Tue May 2 23:13:09 2017;Merge branch 'cassandra-3.11' into trunk
8b3a60b9a7dbefeecc06bace617279612ec7092d;Wed Apr 26 17:47:28 2017;Merge branch 'cassandra-3.11' into trunk
abbb2a712d49165e0f30d9a3adfdccdc946d25be;Wed Apr 26 17:35:42 2017;Merge branch 'cassandra-3.11' into trunk
a45b2a8c6719eb637425b6dcb23a67d81a821ee0;Wed Apr 26 07:43:07 2017;Merge branch 'cassandra-3.11' into trunk
d45cd7e6587098adc53b9fdaa483546eff9c2345;Tue Apr 25 13:30:25 2017;Merge branch 'cassandra-3.11' into trunk
1e20d9513073194b02c2cd5c324f118d38e16f19;Mon Apr 24 16:11:56 2017;Merge branch 'cassandra-3.11' into trunk
87169c82f34a72fe3e7d20c96f710b72b0b86a4e;Sun Apr 23 02:24:28 2017;Merge branch 'cassandra-3.11' into trunk
049ba2d4d54d22a4dad147b34f37ec0f8c3caa51;Fri Apr 21 20:22:34 2017;Merge branch 'cassandra-3.11' into trunk
50ba850beb573ae4aa62ac46e645ce48413815ce;Thu Apr 20 13:48:37 2017;Merge branch 'cassandra-3.11' into trunk
90e50789680c8d386a57884a0d58ee62e5f4e73d;Thu Apr 20 09:48:25 2017;Merge branch 'cassandra-3.11' into trunk
37f5005a15c9addc3b99c5a35cb72f9fc9c2c912;Thu Apr 20 09:31:29 2017;Merge branch 'cassandra-3.11' into trunk
9b1295e419b93a194b2270e5b31b689d3ab05dd2;Wed Apr 19 15:59:29 2017;Merge branch 'cassandra-3.11' into trunk
08c216d125e5c8ed33a3403cde185f4e84d31895;Wed Apr 19 14:44:52 2017;Merge branch 'cassandra-3.11' into trunk
e524206246bca48fe94064c8dd8f804fd81d77c0;Tue Apr 18 20:27:15 2017;Merge branch 'cassandra-3.11' into trunk
f3dfb15031c40444023ff1ecfd93bac7c373d057;Sat Apr 15 01:06:51 2017;Merge branch 'cassandra-3.11' into trunk
11865028a9b919b26f2bb3c90254363c4db238e7;Sat Apr 15 01:03:12 2017;Merge branch 'cassandra-3.11' into trunk
7da45312aa7a26070d32ca3d153d86f1ea202a19;Thu Apr 13 09:06:37 2017;Merge branch 'cassandra-3.11' into trunk
b207f0d95d0554c4beb344e35261027a00082081;Tue Apr 11 17:54:40 2017;Merge branch 'cassandra-3.11' into trunk
f6f50129d72b149a62f7e26e081e4d43097f9236;Mon Apr 10 23:45:27 2017;Merge branch 'cassandra-3.11' into trunk
aa65c6c548099929a77b17dcd440f09eca7a72c9;Mon Apr 10 14:12:10 2017;Merge branch 'cassandra-3.11' into trunk
ee6bf10ecc7b16e12067ff41bf810c26c8730a03;Mon Apr 10 07:43:47 2017;Merge branch 'cassandra-3.11' into trunk
333ebd67a0ee7497f0c2f62372befbd01515a3c2;Sun Apr 9 08:59:18 2017;Merge branch 'cassandra-3.11' into trunk
7fa1577c2d968e10501ee3df1a10361056498b4d;Sat Apr 8 02:55:08 2017;Merge branch 'cassandra-3.11' into trunk
a0a0e823e3095b9a47a3d11b3d58b14c039e1ced;Fri Apr 7 10:32:22 2017;Merge branch 'cassandra-3.11' into trunk
a1cb8e5abc224623c35fe84969dc08894c91278a;Fri Apr 7 10:20:02 2017;Merge branch 'cassandra-3.11' into trunk
94aa57e27240316373c5b9218d2848baebf45a71;Fri Apr 7 10:00:29 2017;Merge branch cassandra-3.11 into trunk
231c343deb1eaac8c879e197375116aeaef89dc8;Fri Apr 7 09:47:06 2017;Merge branch 'cassandra-3.11' into trunk
691189616c7413b6a70c39c81b6734b91b0425ed;Fri Apr 7 09:29:19 2017;Merge branch 'cassandra-3.11' into trunk
393226de62045b199140e1c3bea8d634272c0b3e;Fri Apr 7 06:11:44 2017;Merge branch 'cassandra-3.11' into trunk
e0f37700086a09e82e8209c0e3bebf8df4d2e830;Fri Apr 7 01:06:13 2017;Merge branch 'cassandra-3.11' into trunk
9ed04da0c606a17b5567c8655f34d8f73d22b18f;Fri Apr 7 00:48:43 2017;Merge branch 'cassandra-3.11' into trunk
305de286b557a71e8b38f7a7a87ad4c4faa0f23d;Wed Apr 5 17:26:30 2017;Merge branch 'cassandra-3.11' into trunk
201dd6f05cfc9ae98aded4f658a41d8c924e342f;Wed Apr 5 17:11:43 2017;Merge branch 'cassandra-3.11' into trunk
bce0aa180f3ce2d5d30105a2975115f16ad89cc2;Tue Apr 4 21:30:46 2017;Merge branch 'cassandra-3.11' into trunk
522ddba275926761bf2870b67664cf318401f158;Tue Apr 4 16:48:01 2017;Merge branch 'cassandra-3.11' into trunk
56ea68ef7240982f71b73238c7b1b0c9c3ba28ed;Tue Apr 4 12:30:25 2017;Merge branch 'cassandra-3.11' into trunk
0f054fee5cad7e326d0c3284aaf71d251944a08f;Tue Apr 4 10:17:38 2017;Merge branch cassandra-3.11 into trunk
ab7aa57b376658e87a8fd4221ddc7712734ffcd8;Mon Apr 3 18:15:23 2017;Merge branch 'cassandra-3.11' into trunk
39bca48134e6ccc9f60ae0b0846bd9c47b672080;Mon Apr 3 18:02:30 2017;Merge branch 'cassandra-3.11' into trunk
c8241659ec7272c530be92f79ac89046980a2f4a;Mon Apr 3 10:32:56 2017;Merge branch 'cassandra-3.11' into trunk
ccef21feff63a19825c938d573ce5ab3ed0bed68;Mon Apr 3 06:34:20 2017;Merge branch 'cassandra-3.11' into trunk
bb4c5c3c4adf4c76e53fed297036489cee1a2768;Thu Mar 30 11:38:23 2017;Merge branch 'cassandra-3.11' into trunk
b3465f93735c3c4417f65f2590f469b2ad3a26c4;Thu Mar 30 02:59:33 2017;Merge branch 'cassandra-3.11' into trunk
cd238a5168c605caac78b0d41d24c40d016f58b7;Thu Mar 30 01:14:37 2017;Merge branch 'cassandra-3.11' into trunk
07795f1016970ac519503293883c1f7013f3f48a;Wed Mar 29 11:24:39 2017;Merge branch 'cassandra-3.11' into trunk
4069807da21780ce3f682e8712a05dbb8b1f695d;Wed Mar 29 00:29:45 2017;Merge branch 'cassandra-3.11' into trunk
91c5f4c28d87e621fee218c9a35c0d2fcb07f219;Tue Mar 28 14:39:40 2017;Merge branch 'cassandra-3.11' into trunk
3bd152e6cc82f5314ec14ea854ebbf6ad602609f;Tue Mar 28 12:38:17 2017;Merge branch 'cassandra-3.11' into trunk
454b3f227b2a7a2b6631d8dba55778b3dfe2cf85;Tue Mar 28 11:20:13 2017;Merge branch cassandra-3.11 into trunk
a04776173a70dac66de939a26ea50544d5a45986;Tue Mar 28 07:47:27 2017;Merge branch 'cassandra-3.11' into trunk
35042eefea9f9ea79142f7b8d7159266ad84d283;Tue Mar 28 07:32:32 2017;Merge branch 'cassandra-3.11' into trunk
3dabeeaa29bfb6757e79f17031cb467b7b052fcd;Mon Mar 27 10:04:20 2017;Merge branch 'cassandra-3.11' into trunk
60e2e982656e9ba495107ffe8f338223e1196b4a;Fri Mar 24 17:12:05 2017;Merge branch 'cassandra-3.11' into trunk
3048608c6099fd5c3bcc9bd72d3265307283bc41;Thu Mar 23 19:57:10 2017;Merge branch 'cassandra-3.11' into trunk
18c6ed25e30c0cc444d7cfda929ef7677309c57b;Thu Mar 23 16:45:54 2017;Merge branch cassandra-3.11 into trunk
9330409accf0506526d25e17e70f89e5cb6a341e;Thu Mar 23 16:18:36 2017;Merge branch 'cassandra-3.11' into trunk
ea662ce21a1704a7c487d3a98835699cb1a2289d;Thu Mar 23 16:14:38 2017;Merge branch 'cassandra-3.11' into trunk
66cd42ef615324e060004610dfad4ca1d4488f68;Thu Mar 23 15:33:27 2017;Merge branch 'cassandra-3.11' into trunk
a87b15d1d6c42f4247c84b460ed39899d8813a6f;Thu Mar 23 09:29:59 2017;Merge branch 'cassandra-3.11' into trunk
8b74ae4b6490e1991603e9365b690da6f6900c10;Wed Mar 22 18:29:09 2017;Merge branch 'cassandra-3.11' into trunk
dd5326646626bdba1739686d1f0e4a024a43186f;Mon Mar 20 18:54:33 2017;Merge branch 'cassandra-3.11' into trunk
567f90666293c05ac0b9b9d74b7cf8e053d6dc4c;Mon Mar 20 11:34:33 2017;Merge branch 'cassandra-3.11' into trunk
5ec97afce9de71eaf9b63bf6ac406aee344d860c;Fri Mar 17 22:29:36 2017;Merge branch 'cassandra-3.11' into trunk
9d933657c403cf661cb3122e7597e48c21a7620d;Fri Mar 17 11:11:45 2017;Merge branch 'cassandra-3.11' into trunk
01f8e770d92853ac4ced0f7b664f9b80b9b0db24;Thu Mar 16 20:30:50 2017;Merge branch 'cassandra-3.11' into trunk
480feb01d749b5327cb9e4424bf2fbe2971cd364;Thu Mar 16 12:09:43 2017;Merge branch 'cassandra-3.11' into trunk
dd5251c46073d75c09e47f645b1d0ebc3a135411;Mon Mar 13 04:58:36 2017;Merge branch 'cassandra-3.11' into trunk
67e9a5ffd27e78d19d4a82f2f6d31cce44fd6b32;Fri Mar 10 12:31:59 2017;Merge branch 'cassandra-3.11' into trunk
957ad8c0b127f118212785b8364576c6f42f4034;Fri Mar 10 10:36:09 2017;Merge branch 'cassandra-3.11' into trunk
753d004cda7ac4ed636b5e7f0b712ba0e987d368;Fri Mar 10 09:15:07 2017;Merge branch cassandra-3.11 into trunk
9e8e8914d8a4e55a2d647c4c462e1cb7b622a930;Thu Mar 9 10:59:42 2017;Merge branch 'cassandra-3.11' into trunk
b5a5fbe1f645cfdfab090ae6be4e82192d4e816d;Wed Mar 8 17:11:37 2017;Merge branch 'cassandra-3.11' into trunk
7755a324e028ab834d6755d34b156a3a9d9ee460;Wed Mar 8 12:57:18 2017;Merge branch 'cassandra-3.11' into trunk
66e2c1b90c4f6c03e950034b676a131ebdb33228;Wed Mar 8 00:22:42 2017;Merge branch 'cassandra-3.11' into trunk
ae0604f08b0ef37fb7739b6fc223653f8acfba89;Tue Mar 7 15:30:48 2017;Merge branch 'cassandra-3.11' into trunk
76542b66673f151c73402ee037a58b5e54d3ae4a;Tue Mar 7 01:19:13 2017;Merge branch 'cassandra-3.11' into trunk
1b552658bdf132b3f8921f2fa22d8d3fdcf2a2b2;Sat Mar 4 23:39:59 2017;Merge branch 'cassandra-3.11' into trunk
979b19b7c0ac64b14b51e8b92b00f50d0eed9be7;Fri Mar 3 19:20:36 2017;Merge branch 'cassandra-3.11' into trunk
64323466402f33536ba0318f02e7829eafcbd711;Fri Mar 3 18:42:40 2017;Merge branch 'cassandra-3.11' into trunk
a49cf2c6ccc8f269858958c86e2437429cd5ca59;Fri Mar 3 05:38:14 2017;Merge branch 'cassandra-3.11' into trunk
b300cc4d5fa11606b96d28b4311dcadd22f44080;Fri Mar 3 05:28:02 2017;Merge branch 'cassandra-3.11' into trunk
a7c9fa0f17518482c3ca691e542ed2c0f41af84a;Thu Mar 2 17:44:23 2017;Merge branch 'cassandra-3.11' into trunk
f08cf5af0da0ca44944dfc30f22017f1062b1eff;Thu Mar 2 02:00:40 2017;Merge branch 'cassandra-3.11' into trunk
d91b40039e7d8cd1c997acbbd06124e3bfab69b6;Thu Mar 2 01:13:04 2017;Merge branch 'cassandra-3.11' into trunk
d74cc0802c976713415aa39838bcebe333753e12;Thu Mar 2 00:48:02 2017;Merge branch 'cassandra-3.11' into trunk
f3252180863d0a2e78d1bfb5437506033a57f931;Wed Mar 1 23:34:28 2017;Merge branch 'cassandra-3.11' into trunk
21b4cae615be53d16c5416b4202838658c3d72e2;Wed Mar 1 21:46:58 2017;Merge branch 'cassandra-3.11' into trunk
ced54f87b5427bf662ea08f325d1c00fb8b1c273;Wed Mar 1 10:06:09 2017;Merge branch 'cassandra-3.11' into trunk
4bb5ada5358cb4287f445d9d49145e76f2bf3a07;Wed Mar 1 00:57:57 2017;Merge branch 'cassandra-3.11' into trunk
895e6ce11c4467011df106631d0f818fb2298d73;Tue Feb 28 23:02:48 2017;Merge branch 'cassandra-3.11' into trunk
d24f4c68d0889e0934f30c4590657bda5dc063c4;Tue Feb 28 01:24:15 2017;Merge branch 'cassandra-3.11' into trunk
2d8be34a240db84d4368a4d30a2258ca6e67043f;Thu Feb 23 14:48:25 2017;Merge branch 'cassandra-3.11' into trunk
831c05b1c047cdccbc6a82fe0d3f72302fdfb18a;Thu Feb 23 14:21:47 2017;Merge branch 'cassandra-3.0' into trunk
cd29d44dfeb2a9a4a4bf2b63bedb71503bda8760;Thu Feb 23 13:36:36 2017;Merge branch cassandra-3.11 into trunk
6e17d65f26fc37257c62a49de575b3da5f447a6d;Thu Feb 23 09:05:26 2017;Merge branch 'cassandra-3.11' into trunk
ac2101305722c81542ff8572b0fa082794846a7f;Thu Feb 23 02:13:13 2017;Merge branch 'cassandra-3.11' into trunk
fbf7e127424a006b6f7f9c1a669db72727efef87;Thu Feb 23 01:09:05 2017;Merge branch 'cassandra-3.11' into trunk
cc51b4db09d774dc04792e41db393c14d9cac8e5;Wed Feb 22 20:21:09 2017;Merge branch 'cassandra-3.11' into trunk
77eec6dfd4e68ca8a591b72544a1eb4bfa02decf;Wed Feb 22 16:11:16 2017;Merge branch 'cassandra-3.11' into trunk
95bcaef735a4034f3fb8586a5210c748d43792c9;Wed Feb 22 10:01:27 2017;Merge branch 'cassandra-3.11' into trunk
62c948704590fb49836814f59dac22ce958c5d70;Tue Feb 21 20:07:44 2017;Merge branch 'cassandra-3.11' into trunk
bda973264d157485253742d2364c6c6467eea0b1;Tue Feb 21 17:17:31 2017;Merge branch 'cassandra-3.11' into trunk
eaa594865699c7e8e8097a26a744c815981e009d;Mon Feb 20 12:10:41 2017;Merge branch 'cassandra-3.11' into trunk
c718bfff9a27e23ec1b31fcb81f3b65d134936d1;Fri Feb 17 21:39:05 2017;Merge branch 'cassandra-3.11' into trunk
21eb018deeadb2e6054e3e875c54943835ffb7f4;Thu Feb 16 00:21:15 2017;Merge branch 'cassandra-3.11' into trunk
ad316820be0ac9caa2ddc228e257fb4fceb70675;Thu Feb 16 00:00:24 2017;Merge branch 'cassandra-3.11' into trunk
31eac784f1bae9ec3509d7a7726d9b8725764fa0;Wed Feb 15 12:53:21 2017;Merge branch 'cassandra-3.11' into trunk
a0827fb2e7e3ac643573eab987ebb0b92f8b73e2;Tue Feb 14 23:26:55 2017;Merge branch 'cassandra-3.11' into trunk
48bfc8e8dcd926ea547211fd959cebba8c0e027b;Tue Feb 14 20:14:15 2017;Merge branch 'cassandra-3.11' into trunk
edcbef3e343778b4d5affe019f64c89da2a13aa2;Mon Feb 13 18:34:31 2017;Merge branch 'cassandra-3.11' into trunk
ffc82b1ee495fcf068730d0d3c12f54afdf517a2;Mon Feb 13 11:02:17 2017;Merge branch 'cassandra-3.11' into trunk
1eaef3f9edb1043319e7a06f6c77afb3c41ecd42;Sun Feb 12 07:30:31 2017;Merge branch 'cassandra-3.11' into trunk
1ffcdb5a6fd5d69c8978f3597c4ab8710cdd30ad;Sat Feb 11 16:03:31 2017;Merge branch 'cassandra-3.11' into trunk
61b3d3490a3620383587a3693c681c58d4559e1f;Sat Feb 11 05:23:41 2017;Merge branch 'cassandra-3.11' into trunk
cd33e0fdad7c8e3c5645908e5218ecf5e39c93c2;Fri Feb 10 23:54:42 2017;Merge branch 'cassandra-3.11' into trunk
3b2753391f154d87e8c5d5e17c34afa35d68598c;Fri Feb 10 23:31:07 2017;Merge branch 'cassandra-3.11' into trunk
1effb10792fd556a3026b2f947f0ecba99a0c2d9;Fri Feb 10 10:01:27 2017;Merge branch cassandra-3.11 into trunk
1ade491bd4070a9e64a06aa699dd8a6edc3b66b1;Thu Feb 9 20:46:06 2017;Merge branch 'cassandra-3.11' into trunk
0811824abbf46182005c5c54cee7b08243f2057a;Thu Feb 9 20:13:14 2017;Merge branch 'cassandra-3.11' into trunk
4550734c2a400e5eedd6010e3fa1eaf535ae9003;Thu Feb 9 09:27:29 2017;Merge branch 'cassandra-3.11' into trunk
0564c8b4225a6325613643a2b5c82e3390bee5c5;Tue Feb 7 09:55:29 2017;Merge branch cassandra-3.11 into trunk
1757e1330eefd6b0173fec96b4956e4749bd3289;Mon Feb 6 20:01:09 2017;Merge branch 'cassandra-3.11' into trunk
45c92ba91b5b113ca6da4bb438112a94a8030232;Sun Feb 5 17:08:53 2017;Merge branch 'cassandra-3.11' into trunk
ded6b7010ec3ff71483252e3f52428513740ab4c;Sat Feb 4 00:27:33 2017;Merge branch 'cassandra-3.11' into trunk
d16944372c5d929bf3e1434f0e2e4d33e2cd9d07;Fri Feb 3 20:20:26 2017;Merge branch 'cassandra-3.11' into trunk
d0937cce9c2a56c9eb612e96abc2e204fb59be53;Fri Feb 3 19:13:17 2017;Merge branch 'cassandra-3.11' into trunk
31208d00d4d3e3d055dc544a30e71875aa3ccfd1;Fri Feb 3 17:33:47 2017;Merge branch 'cassandra-3.11' into trunk
546df00bc58f676bb52616115bd4a8f0b1ef346a;Wed Feb 1 20:40:27 2017;Merge branch 'cassandra-3.11' into trunk
bc4f4074be95b86f0068cd32c3a195eb44374306;Wed Feb 1 13:57:49 2017;Merge branch 'cassandra-3.11' into trunk
8c2fcae336da8a4605e676dbb2513fa87f1bc37e;Tue Jan 31 20:55:15 2017;Merge branch 'cassandra-3.11' into trunk
1e4cf2a8de43861f25e57ab4435e2edbeca01870;Mon Jan 30 09:29:24 2017;Merge branch cassandra-3.11 into trunk
3580f6c05b43929add7d5d982ffdff7a26385fda;Fri Jan 27 15:25:22 2017;Merge branch cassandra-3.11 into trunk
36375f9a08a13b658ead66634fd6a27957e8e02c;Fri Jan 27 14:42:58 2017;Merge branch cassandra-3.11 into trunk
80728df563103ef2cb018100e48f8bbdf9d67c66;Fri Jan 27 10:02:34 2017;Merge branch cassandra-3.11 into trunk
113b92bcb238884f7def1579059520ceb82fe9b0;Fri Jan 27 09:17:58 2017;Merge branch cassandra-3.11 into trunk
2987a7093c6e167649274f4aa8bf0242eb4dea91;Wed Jan 25 08:17:15 2017;Merge branch 'cassandra-3.11' into trunk
3465799a387046e476bad01e684066b1800cd7d5;Tue Jan 24 16:07:59 2017;Merge branch 'cassandra-3.11' into trunk
d3704d8a06927e234250463796fc515e2b14d2cb;Fri Jan 20 15:03:37 2017;Merge branch cassandra-3.11 into trunk
d6da7b79903183e1b21f447098a1e01034152bb1;Thu Jan 19 22:14:24 2017;Merge branch 'cassandra-3.11' into trunk
c3d72444512861c75ec11e17f52770d2613e5364;Thu Jan 19 15:55:11 2017;Merge branch 'cassandra-3.11' into trunk
d32ae4a60efff6798d31cbbccf928e19123b2283;Wed Jan 18 20:52:39 2017;Merge branch 'cassandra-3.11' into trunk
369e7aa4c12e5960afafdf3790ee283a6dcf6566;Wed Jan 18 15:18:29 2017;Merge branch cassandra-3.11 into trunk
39d7cf50ec09e0f3ac27229853ad4fe979e3507f;Mon Jan 16 16:36:30 2017;Merge branch 'cassandra-3.X' into trunk
7843d8cc23caa285e0c170e6816a517382f745a7;Mon Jan 16 09:50:17 2017;Merge branch 'cassandra-3.X' into trunk
d6c7a2db769b819b8c539daf909fffe362fadaa1;Mon Jan 16 00:37:02 2017;Merge branch 'cassandra-3.X' into trunk
05106f0780798f7c9bf1c492d268be0c0437f864;Wed Jan 11 20:31:07 2017;Merge branch cassandra-3.X into trunk
2d56fee4f514b4c0619ed780b91fa44e18017629;Wed Jan 11 07:17:06 2017;Merge branch 'cassandra-3.X' into trunk
87b0b36c755d6d12522c8860e8d442edafdc80a1;Wed Jan 11 06:59:48 2017;Merge branch 'cassandra-3.X' into trunk
18f28c517324d5055bf0a3e16187055d62c11828;Sat Jan 7 00:17:46 2017;Merge branch 'cassandra-3.X' into trunk
5ce08a728545e57d299b004c67df3fa4cd3fd8ba;Fri Jan 6 14:54:15 2017;Merge branch 'cassandra-3.X' into trunk
a1f0dcdcb757065ff7c98890e6f7bfd669cd3148;Fri Jan 6 13:00:12 2017;Merge branch 'cassandra-3.X' into trunk
640795de050f8277f255632188712cb44c6a6dd5;Fri Jan 6 12:56:28 2017;Merge branch 'cassandra-3.X' into trunk
29a855e1bab113b9f748edc050cd615429669253;Fri Jan 6 11:53:09 2017;Merge branch 'cassandra-3.X' into trunk
84b9b9a49d151a91b7288d29933c0e6345de5415;Fri Jan 6 09:06:30 2017;Merge branch 'cassandra-3.X' into trunk
84c3feed33d209b92c817a2776f5c96a03a47491;Fri Jan 6 08:37:58 2017;Merge branch 'cassandra-3.X' into trunk
2cabf9c49d0061a9325181a2b66711faecfec31d;Thu Jan 5 21:28:04 2017;Merge branch 'cassandra-3.X' into trunk
d384e781d6f7c028dbe88cfe9dd3e966e72cd046;Thu Jan 5 20:13:29 2017;Merge branch 'cassandra-3.X' into trunk
3d90bb0cc74ca52fc6a9947a746695630ca7fc2a;Wed Jan 4 16:00:43 2017;Merge branch 'cassandra-3.X' into trunk
5f6921a221dc8c656bce991c6d5dd7a34969e71b;Wed Jan 4 12:33:05 2017;Merge branch 'cassandra-3.X' into trunk
d0e3ade8e44a228e2800e89d0757c20a24f9955e;Wed Jan 4 07:08:45 2017;Merge branch 'cassandra-3.X' into trunk
a8a43dd32eb92406d7d8b105e08c68b3d5c7df49;Wed Jan 4 02:25:53 2017;Merge branch 'cassandra-3.X' into trunk
b137bd9778ca51cc30d2cfa290489b776951ca71;Tue Jan 3 22:03:55 2017;Merge branch 'cassandra-3.X' into trunk
87b1bb87a42bc64f5fcb3eef8a4bdba766187545;Tue Jan 3 18:04:52 2017;Merge branch 'cassandra-3.X' into trunk